Date,Age,History
2017년 1월,10대,Crawling Successed.
2017년 1월,20대,Crawling Successed.
2017년 1월,30대,Crawling Successed.
2017년 1월,40대,Crawling Successed.
2017년 1월,50대,Crawling Successed.
2017년 1월,60대,Crawling Successed.
2017년 2월,10대,Crawling Successed.
2017년 2월,20대,Crawling Successed.
2017년 2월,30대,Crawling Successed.
2017년 2월,40대,Crawling Successed.
2017년 2월,50대,Crawling Successed.
2017년 2월,60대,Crawling Successed.
2017년 3월,10대,Crawling Successed.
2017년 3월,20대,Crawling Successed.
2017년 3월,30대,Crawling Successed.
2017년 3월,40대,Crawling Successed.
2017년 3월,50대,Crawling Successed.
2017년 3월,60대,Crawling Successed.
2017년 4월,10대,Crawling Successed.
2017년 4월,20대,Crawling Successed.
2017년 4월,30대,Crawling Successed.
2017년 4월,40대,Crawling Successed.
2017년 4월,50대,Crawling Successed.
2017년 4월,60대,Crawling Successed.
2017년 5월,10대,Crawling Successed.
2017년 5월,20대,Crawling Successed.
2017년 5월,30대,Crawling Successed.
2017년 5월,40대,Crawling Successed.
2017년 5월,50대,Crawling Successed.
2017년 5월,60대,Crawling Successed.
2017년 6월,10대,Crawling Successed.
2017년 6월,20대,Crawling Successed.
2017년 6월,30대,Crawling Successed.
2017년 6월,40대,Crawling Successed.
2017년 6월,50대,Crawling Successed.
2017년 6월,60대,Crawling Successed.
2017년 7월,10대,Crawling Successed.
2017년 7월,20대,Crawling Successed.
2017년 7월,30대,Crawling Successed.
2017년 7월,40대,Crawling Successed.
2017년 7월,50대,Crawling Successed.
2017년 7월,60대,Crawling Successed.
2017년 8월,10대,Crawling Successed.
2017년 8월,20대,Crawling Successed.
2017년 8월,30대,Crawling Successed.
2017년 8월,40대,Crawling Successed.
2017년 8월,50대,Crawling Successed.
2017년 8월,60대,Crawling Successed.
2017년 9월,10대,Crawling Successed.
2017년 9월,20대,Crawling Successed.
2017년 9월,30대,Crawling Successed.
2017년 9월,40대,Crawling Successed.
2017년 9월,50대,Crawling Successed.
2017년 9월,60대,Crawling Successed.
2017년 10월,10대,Crawling Successed.
2017년 10월,20대,Crawling Successed.
2017년 10월,30대,Crawling Successed.
2017년 10월,40대,Crawling Successed.
2017년 10월,50대,Crawling Successed.
2017년 10월,60대,Crawling Successed.
2017년 11월,10대,Crawling Successed.
2017년 11월,20대,Crawling Successed.
2017년 11월,30대,Crawling Successed.
2017년 11월,40대,Crawling Successed.
2017년 11월,50대,Crawling Successed.
2017년 11월,60대,Crawling Successed.
2017년 12월,10대,Crawling Successed.
2017년 12월,20대,Crawling Successed.
2017년 12월,30대,Crawling Successed.
2017년 12월,40대,Crawling Successed.
2017년 12월,50대,Crawling Successed.
2017년 12월,60대,Crawling Successed.
2018년 1월,10대,Crawling Successed.
2018년 1월,20대,Crawling Successed.
2018년 1월,30대,Crawling Successed.
2018년 1월,40대,Crawling Successed.
2018년 1월,50대,Crawling Successed.
2018년 1월,60대,Crawling Successed.
2018년 2월,10대,Crawling Successed.
2018년 2월,20대,Crawling Successed.
2018년 2월,30대,Crawling Successed.
2018년 2월,40대,Crawling Successed.
2018년 2월,50대,Crawling Successed.
2018년 2월,60대,Crawling Successed.
2018년 3월,10대,Crawling Successed.
2018년 3월,20대,Crawling Successed.
2018년 3월,30대,Crawling Successed.
2018년 3월,40대,Crawling Successed.
2018년 3월,50대,Crawling Successed.
2018년 3월,60대,Crawling Successed.
2018년 4월,10대,Crawling Successed.
2018년 4월,20대,Crawling Successed.
2018년 4월,30대,Crawling Successed.
2018년 4월,40대,Crawling Successed.
2018년 4월,50대,Crawling Successed.
2018년 4월,60대,Crawling Successed.
2018년 5월,10대,Crawling Successed.
2018년 5월,20대,Crawling Successed.
2018년 5월,30대,Crawling Successed.
2018년 5월,40대,Crawling Successed.
2018년 5월,50대,Crawling Successed.
2018년 5월,60대,Crawling Successed.
2018년 6월,10대,Crawling Successed.
2018년 6월,20대,Crawling Successed.
2018년 6월,30대,Crawling Successed.
2018년 6월,40대,Crawling Successed.
2018년 6월,50대,Crawling Successed.
2018년 6월,60대,Crawling Successed.
2018년 7월,10대,Crawling Successed.
2018년 7월,20대,Crawling Successed.
2018년 7월,30대,Crawling Successed.
2018년 7월,40대,Crawling Successed.
2018년 7월,50대,Crawling Successed.
2018년 7월,60대,Crawling Successed.
2018년 8월,10대,Crawling Successed.
2018년 8월,20대,Crawling Successed.
2018년 8월,30대,Crawling Successed.
2018년 8월,40대,Crawling Successed.
2018년 8월,50대,Crawling Successed.
2018년 8월,60대,Crawling Successed.
2018년 9월,10대,Crawling Failed. No Data.
2018년 9월,20대,Crawling Failed. No Data.
2018년 9월,30대,Crawling Failed. No Data.
2018년 9월,40대,Crawling Failed. No Data.
2018년 9월,50대,Crawling Failed. No Data.
2018년 9월,60대,Crawling Failed. No Data.
2018년 10월,10대,Crawling Successed.
2018년 10월,20대,Crawling Successed.
2018년 10월,30대,Crawling Successed.
2018년 10월,40대,Crawling Successed.
2018년 10월,50대,Crawling Successed.
2018년 10월,60대,Crawling Successed.
2018년 11월,10대,Crawling Successed.
2018년 11월,20대,Crawling Successed.
2018년 11월,30대,Crawling Successed.
2018년 11월,40대,Crawling Successed.
2018년 11월,50대,Crawling Successed.
2018년 11월,60대,Crawling Successed.
2018년 12월,10대,Crawling Successed.
2018년 12월,20대,Crawling Successed.
2018년 12월,30대,Crawling Successed.
2018년 12월,40대,Crawling Successed.
2018년 12월,50대,Crawling Successed.
2018년 12월,60대,Crawling Successed.
2019년 1월,10대,Crawling Successed.
2019년 1월,20대,Crawling Successed.
2019년 1월,30대,Crawling Successed.
2019년 1월,40대,Crawling Successed.
2019년 1월,50대,Crawling Successed.
2019년 1월,60대,Crawling Successed.
2019년 2월,10대,Crawling Successed.
2019년 2월,20대,Crawling Successed.
2019년 2월,30대,Crawling Successed.
2019년 2월,40대,Crawling Successed.
2019년 2월,50대,Crawling Successed.
2019년 2월,60대,Crawling Successed.
2019년 3월,10대,Crawling Successed.
2019년 3월,20대,Crawling Successed.
2019년 3월,30대,Crawling Successed.
2019년 3월,40대,Crawling Successed.
2019년 3월,50대,Crawling Successed.
2019년 3월,60대,Crawling Successed.
2019년 4월,10대,Crawling Successed.
2019년 4월,20대,Crawling Successed.
2019년 4월,30대,Crawling Successed.
2019년 4월,40대,Crawling Successed.
2019년 4월,50대,Crawling Successed.
2019년 4월,60대,Crawling Successed.
2019년 5월,10대,Crawling Successed.
2019년 5월,20대,Crawling Successed.
2019년 5월,30대,Crawling Successed.
2019년 5월,40대,Crawling Successed.
2019년 5월,50대,Crawling Successed.
2019년 5월,60대,Crawling Successed.
2019년 6월,10대,Crawling Successed.
2019년 6월,20대,Crawling Successed.
2019년 6월,30대,Crawling Successed.
2019년 6월,40대,Crawling Successed.
2019년 6월,50대,Crawling Successed.
2019년 6월,60대,Crawling Successed.
2019년 7월,10대,Crawling Successed.
2019년 7월,20대,Crawling Successed.
2019년 7월,30대,Crawling Successed.
2019년 7월,40대,Crawling Successed.
2019년 7월,50대,Crawling Successed.
2019년 7월,60대,Crawling Successed.
2019년 8월,10대,Crawling Successed.
2019년 8월,20대,Crawling Successed.
2019년 8월,30대,Crawling Successed.
2019년 8월,40대,Crawling Successed.
2019년 8월,50대,Crawling Successed.
2019년 8월,60대,Crawling Successed.
2019년 9월,10대,Crawling Successed.
2019년 9월,20대,Crawling Successed.
2019년 9월,30대,Crawling Successed.
2019년 9월,40대,Crawling Successed.
2019년 9월,50대,Crawling Successed.
2019년 9월,60대,Crawling Successed.
2019년 10월,10대,Crawling Successed.
2019년 10월,20대,Crawling Successed.
2019년 10월,30대,Crawling Successed.
2019년 10월,40대,Crawling Successed.
2019년 10월,50대,Crawling Successed.
2019년 10월,60대,Crawling Successed.
2019년 11월,10대,Crawling Successed.
2019년 11월,20대,Crawling Successed.
2019년 11월,30대,Crawling Successed.
2019년 11월,40대,Crawling Successed.
2019년 11월,50대,Crawling Successed.
2019년 11월,60대,Crawling Successed.
2019년 12월,10대,Crawling Successed.
2019년 12월,20대,Crawling Successed.
2019년 12월,30대,Crawling Successed.
2019년 12월,40대,Crawling Successed.
2019년 12월,50대,Crawling Successed.
2019년 12월,60대,Crawling Successed.
2020년 1월,10대,Crawling Failed. No Data.
2020년 1월,20대,Crawling Successed.
2020년 1월,30대,Crawling Successed.
2020년 1월,40대,Crawling Successed.
2020년 1월,50대,Crawling Successed.
2020년 1월,60대,Crawling Successed.
2020년 2월,10대,Crawling Successed.
2020년 2월,20대,Crawling Successed.
2020년 2월,30대,Crawling Successed.
2020년 2월,40대,Crawling Successed.
2020년 2월,50대,Crawling Successed.
2020년 2월,60대,Crawling Successed.
2020년 3월,10대,Crawling Successed.
2020년 3월,20대,Crawling Successed.
2020년 3월,30대,Crawling Successed.
2020년 3월,40대,Crawling Successed.
2020년 3월,50대,Crawling Successed.
2020년 3월,60대,Crawling Successed.
2020년 4월,10대,Crawling Successed.
2020년 4월,20대,Crawling Successed.
2020년 4월,30대,Crawling Successed.
2020년 4월,40대,Crawling Successed.
2020년 4월,50대,Crawling Successed.
2020년 4월,60대,Crawling Successed.
2020년 5월,10대,Crawling Successed.
2020년 5월,20대,Crawling Successed.
2020년 5월,30대,Crawling Successed.
2020년 5월,40대,Crawling Successed.
2020년 5월,50대,Crawling Successed.
2020년 5월,60대,Crawling Successed.
2020년 6월,10대,Crawling Successed.
2020년 6월,20대,Crawling Successed.
2020년 6월,30대,Crawling Successed.
2020년 6월,40대,Crawling Successed.
2020년 6월,50대,Crawling Successed.
2020년 6월,60대,Crawling Successed.
2020년 7월,10대,Crawling Successed.
2020년 7월,20대,Crawling Successed.
2020년 7월,30대,Crawling Successed.
2020년 7월,40대,Crawling Successed.
2020년 7월,50대,Crawling Successed.
2020년 7월,60대,Crawling Successed.
2020년 8월,10대,Crawling Successed.
2020년 8월,20대,Crawling Successed.
2020년 8월,30대,Crawling Successed.
2020년 8월,40대,Crawling Successed.
2020년 8월,50대,Crawling Successed.
2020년 8월,60대,Crawling Successed.
2020년 9월,10대,Crawling Successed.
2020년 9월,20대,Crawling Successed.
2020년 9월,30대,Crawling Successed.
2020년 9월,40대,Crawling Successed.
2020년 9월,50대,Crawling Successed.
2020년 9월,60대,Crawling Successed.
2020년 10월,10대,Crawling Successed.
2020년 10월,20대,Crawling Successed.
2020년 10월,30대,Crawling Successed.
2020년 10월,40대,Crawling Successed.
2020년 10월,50대,Crawling Successed.
2020년 10월,60대,Crawling Successed.
2020년 11월,10대,Crawling Successed.
2020년 11월,20대,Crawling Successed.
2020년 11월,30대,Crawling Successed.
2020년 11월,40대,Crawling Successed.
2020년 11월,50대,Crawling Successed.
2020년 11월,60대,Crawling Successed.
2020년 12월,10대,Crawling Successed.
2020년 12월,20대,Crawling Successed.
2020년 12월,30대,Crawling Successed.
2020년 12월,40대,Crawling Successed.
2020년 12월,50대,Crawling Successed.
2020년 12월,60대,Crawling Successed.
2021년 1월,10대,Crawling Successed.
2021년 1월,20대,Crawling Successed.
2021년 1월,30대,Crawling Successed.
2021년 1월,40대,Crawling Successed.
2021년 1월,50대,Crawling Successed.
2021년 1월,60대,Crawling Successed.
2021년 2월,10대,Crawling Successed.
2021년 2월,20대,Crawling Successed.
2021년 2월,30대,Crawling Successed.
2021년 2월,40대,Crawling Successed.
2021년 2월,50대,Crawling Successed.
2021년 2월,60대,Crawling Successed.
2021년 3월,10대,Crawling Successed.
2021년 3월,20대,Crawling Successed.
2021년 3월,30대,Crawling Successed.
2021년 3월,40대,Crawling Successed.
2021년 3월,50대,Crawling Successed.
2021년 3월,60대,Crawling Successed.
2021년 4월,10대,Crawling Successed.
2021년 4월,20대,Crawling Successed.
2021년 4월,30대,Crawling Successed.
2021년 4월,40대,Crawling Successed.
2021년 4월,50대,Crawling Successed.
2021년 4월,60대,Crawling Successed.
2021년 5월,10대,Crawling Successed.
2021년 5월,20대,Crawling Successed.
2021년 5월,30대,Crawling Successed.
2021년 5월,40대,Crawling Successed.
2021년 5월,50대,Crawling Successed.
2021년 5월,60대,Crawling Successed.
2021년 6월,10대,Crawling Successed.
2021년 6월,20대,Crawling Successed.
2021년 6월,30대,Crawling Successed.
2021년 6월,40대,Crawling Successed.
2021년 6월,50대,Crawling Successed.
2021년 6월,60대,Crawling Successed.
2021년 7월,10대,Crawling Successed.
2021년 7월,20대,Crawling Successed.
2021년 7월,30대,Crawling Successed.
2021년 7월,40대,Crawling Successed.
2021년 7월,50대,Crawling Successed.
2021년 7월,60대,Crawling Successed.
2021년 8월,10대,Crawling Successed.
2021년 8월,20대,Crawling Successed.
2021년 8월,30대,Crawling Successed.
2021년 8월,40대,Crawling Successed.
2021년 8월,50대,Crawling Successed.
2021년 8월,60대,Crawling Successed.
2021년 9월,10대,Crawling Successed.
2021년 9월,20대,Crawling Successed.
2021년 9월,30대,Crawling Successed.
2021년 9월,40대,Crawling Successed.
2021년 9월,50대,Crawling Successed.
2021년 9월,60대,Crawling Successed.
2021년 10월,10대,Crawling Successed.
2021년 10월,20대,Crawling Successed.
2021년 10월,30대,Crawling Successed.
2021년 10월,40대,Crawling Successed.
2021년 10월,50대,Crawling Successed.
2021년 10월,60대,Crawling Successed.
2021년 11월,10대,Crawling Successed.
2021년 11월,20대,Crawling Successed.
2021년 11월,30대,Crawling Successed.
2021년 11월,40대,Crawling Successed.
2021년 11월,50대,Crawling Successed.
2021년 11월,60대,Crawling Successed.
2021년 12월,10대,Crawling Successed.
2021년 12월,20대,Crawling Successed.
2021년 12월,30대,Crawling Successed.
2021년 12월,40대,Crawling Successed.
2021년 12월,50대,Crawling Successed.
2021년 12월,60대,Crawling Successed.
2022년 1월,10대,Crawling Successed.
2022년 1월,20대,Crawling Successed.
2022년 1월,30대,Crawling Successed.
2022년 1월,40대,Crawling Successed.
2022년 1월,50대,Crawling Successed.
2022년 1월,60대,Crawling Successed.
2022년 2월,10대,Crawling Successed.
2022년 2월,20대,Crawling Successed.
2022년 2월,30대,Crawling Successed.
2022년 2월,40대,Crawling Successed.
2022년 2월,50대,Crawling Successed.
2022년 2월,60대,Crawling Successed.
2022년 3월,10대,Crawling Successed.
2022년 3월,20대,Crawling Successed.
2022년 3월,30대,Crawling Successed.
2022년 3월,40대,Crawling Successed.
2022년 3월,50대,Crawling Successed.
2022년 3월,60대,Crawling Successed.
2022년 4월,10대,Crawling Successed.
2022년 4월,20대,Crawling Successed.
2022년 4월,30대,Crawling Successed.
2022년 4월,40대,Crawling Successed.
2022년 4월,50대,Crawling Successed.
2022년 4월,60대,Crawling Successed.
2022년 5월,10대,Crawling Successed.
2022년 5월,20대,Crawling Successed.
2022년 5월,30대,Crawling Successed.
2022년 5월,40대,Crawling Successed.
2022년 5월,50대,Crawling Successed.
2022년 5월,60대,Crawling Successed.
2022년 6월,10대,Crawling Successed.
2022년 6월,20대,Crawling Successed.
2022년 6월,30대,Crawling Successed.
2022년 6월,40대,Crawling Successed.
2022년 6월,50대,Crawling Successed.
2022년 6월,60대,Crawling Successed.
2022년 7월,10대,Crawling Successed.
2022년 7월,20대,Crawling Successed.
2022년 7월,30대,Crawling Successed.
2022년 7월,40대,Crawling Successed.
2022년 7월,50대,Crawling Successed.
2022년 7월,60대,Crawling Successed.
2022년 8월,10대,Crawling Successed.
2022년 8월,20대,Crawling Successed.
2022년 8월,30대,Crawling Successed.
2022년 8월,40대,Crawling Successed.
2022년 8월,50대,Crawling Successed.
2022년 8월,60대,Crawling Successed.
2022년 9월,10대,Crawling Successed.
2022년 9월,20대,Crawling Successed.
2022년 9월,30대,Crawling Successed.
2022년 9월,40대,Crawling Successed.
2022년 9월,50대,Crawling Successed.
2022년 9월,60대,Crawling Successed.
2022년 10월,10대,Crawling Successed.
2022년 10월,20대,Crawling Successed.
2022년 10월,30대,Crawling Successed.
2022년 10월,40대,Crawling Successed.
2022년 10월,50대,Crawling Successed.
2022년 10월,60대,Crawling Successed.
2022년 11월,10대,Crawling Successed.
2022년 11월,20대,Crawling Successed.
2022년 11월,30대,Crawling Successed.
2022년 11월,40대,Crawling Successed.
2022년 11월,50대,Crawling Successed.
2022년 11월,60대,Crawling Successed.
2022년 12월,10대,Crawling Successed.
2022년 12월,20대,Crawling Successed.
2022년 12월,30대,Crawling Successed.
2022년 12월,40대,Crawling Successed.
2022년 12월,50대,Crawling Successed.
2022년 12월,60대,Crawling Successed.
2023년 1월,10대,Crawling Successed.
2023년 1월,20대,Crawling Successed.
2023년 1월,30대,Crawling Successed.
2023년 1월,40대,Crawling Successed.
2023년 1월,50대,Crawling Successed.
2023년 1월,60대,Crawling Successed.
2023년 2월,10대,Crawling Successed.
2023년 2월,20대,Crawling Successed.
2023년 2월,30대,Crawling Successed.
2023년 2월,40대,Crawling Successed.
2023년 2월,50대,Crawling Successed.
2023년 2월,60대,Crawling Successed.
2023년 3월,10대,Crawling Successed.
2023년 3월,20대,Crawling Successed.
2023년 3월,30대,Crawling Successed.
2023년 3월,40대,Crawling Successed.
2023년 3월,50대,Crawling Successed.
2023년 3월,60대,Crawling Successed.
2023년 4월,10대,Crawling Successed.
2023년 4월,20대,Crawling Successed.
2023년 4월,30대,Crawling Successed.
2023년 4월,40대,Crawling Successed.
2023년 4월,50대,Crawling Successed.
2023년 4월,60대,Crawling Successed.
2023년 5월,10대,Crawling Successed.
2023년 5월,20대,Crawling Successed.
2023년 5월,30대,Crawling Successed.
2023년 5월,40대,Crawling Successed.
2023년 5월,50대,Crawling Successed.
2023년 5월,60대,Crawling Successed.
2023년 6월,10대,Crawling Successed.
2023년 6월,20대,Crawling Successed.
2023년 6월,30대,Crawling Successed.
2023년 6월,40대,Crawling Successed.
2023년 6월,50대,Crawling Successed.
2023년 6월,60대,Crawling Successed.
2023년 7월,10대,Crawling Successed.
2023년 7월,20대,Crawling Successed.
2023년 7월,30대,Crawling Successed.
2023년 7월,40대,Crawling Successed.
2023년 7월,50대,Crawling Successed.
2023년 7월,60대,Crawling Successed.
2023년 8월,10대,Crawling Successed.
2023년 8월,20대,Crawling Successed.
2023년 8월,30대,Crawling Successed.
2023년 8월,40대,Crawling Successed.
2023년 8월,50대,Crawling Successed.
2023년 8월,60대,Crawling Successed.
2023년 9월,10대,Crawling Successed.
2023년 9월,20대,Crawling Successed.
2023년 9월,30대,Crawling Successed.
2023년 9월,40대,Crawling Successed.
2023년 9월,50대,Crawling Successed.
2023년 9월,60대,Crawling Successed.
2023년 10월,10대,Crawling Successed.
2023년 10월,20대,Crawling Successed.
2023년 10월,30대,Crawling Successed.
2023년 10월,40대,Crawling Successed.
2023년 10월,50대,Crawling Successed.
2023년 10월,60대,Crawling Successed.
2023년 11월,10대,Crawling Successed.
2023년 11월,20대,Crawling Successed.
2023년 11월,30대,Crawling Successed.
2023년 11월,40대,Crawling Successed.
2023년 11월,50대,Crawling Successed.
2023년 11월,60대,Crawling Successed.
2023년 12월,10대,Crawling Successed.
2023년 12월,20대,Crawling Successed.
2023년 12월,30대,Crawling Successed.
2023년 12월,40대,Crawling Successed.
2023년 12월,50대,Crawling Successed.
2023년 12월,60대,Crawling Successed.
2024년 1월,10대,Crawling Successed.
2024년 1월,20대,Crawling Successed.
2024년 1월,30대,Crawling Successed.
2024년 1월,40대,Crawling Successed.
2024년 1월,50대,Crawling Successed.
2024년 1월,60대,Crawling Successed.
2024년 2월,10대,Crawling Successed.
2024년 2월,20대,Crawling Successed.
2024년 2월,30대,Crawling Successed.
2024년 2월,40대,Crawling Successed.
2024년 2월,50대,Crawling Successed.
2024년 2월,60대,Crawling Successed.
2024년 3월,10대,Crawling Successed.
2024년 3월,20대,Crawling Successed.
2024년 3월,30대,Crawling Successed.
2024년 3월,40대,Crawling Successed.
2024년 3월,50대,Crawling Successed.
2024년 3월,60대,Crawling Successed.
2024년 4월,10대,Crawling Successed.
2024년 4월,20대,Crawling Successed.
2024년 4월,30대,Crawling Successed.
2024년 4월,40대,Crawling Successed.
2024년 4월,50대,Crawling Successed.
2024년 4월,60대,Crawling Successed.
2024년 5월,10대,Crawling Successed.
2024년 5월,20대,Crawling Successed.
2024년 5월,30대,Crawling Successed.
2024년 5월,40대,Crawling Successed.
2024년 5월,50대,Crawling Successed.
2024년 5월,60대,Crawling Successed.
2024년 6월,10대,Crawling Failed. No Data.
2024년 6월,20대,Crawling Failed. No Data.
2024년 6월,30대,Crawling Failed. No Data.
2024년 6월,40대,Crawling Failed. No Data.
2024년 6월,50대,Crawling Failed. No Data.
2024년 6월,60대,Crawling Failed. No Data.
